Logic_Type,Depth,Ground_Truth,Prediction,Pattern,Context,Question,Problematic_Lines,Root_Cause_Category,Error_Description,Specific_Axiom
fol,d5_Data,Yes,No,Yes → No,"If you wash your hands regularly, you likely won't get sick. If you take the train to work, you'll be exposed to germs. Either someone washed their hands routinely, or they did not take the train. If ","If Sam took the train to work this week, was his boss happy with his attendance?",lines 20-21,AXIOMATIZES_CONTRADICTION,"The countermodel incorrectly assumes both T and ¬H can be true simultaneously, which contradicts the premises that lead to H being true if T is true.","refine ⟨True, True, True, True, True, False, (fun _ => True), ?p1, ?p2, ?p3, ?p4, ?p5, ?t, ?notH⟩"
fol,d5_Data,Yes,No,Yes → No,"A musician wanted to compose an album. They realized that if they practiced new melodies daily, they would expand their repertoire. If they had more material, they could produce enough songs for an al","If Sarah did not release an album this year, did her creativity flourish?",N/A,INCORRECT_FORMALIZATION,"The formalization incorrectly assumes that the conclusion (¬ R → F) is not valid, but the premises logically support the conclusion that Sarah's creativity flourished if she did not release an album.",N/A
fol,d5_Data,Yes,No,Yes → No,"If the new phone is fast and smart, someone will enjoy using it. Also, if the apps are easy to navigate, the phone experience will be smooth. Either the phone will be fast or the apps will be intuitiv","If James did not have the smooth phone experience, then did he need to charge his phone battery freq",lines 10-20,INCORRECT_FORMALIZATION,"The premises are incorrectly formalized, particularly the predicates for enjoying the phone, relying on it, and needing frequent charging are all set to False, which contradicts the logical flow of the premises.",def E : Person → Prop := fun _ => False; def R : Person → Prop := fun _ => False; def Cb : Person → Prop := fun _ => False
fol,d5_Data,Yes,No,Yes → No,"If the farmer's market has ripe, juicy peaches, someone will bake a peach pie. Also, if someone won a baking contest, they'll celebrate with friends and family. Either peaches are in season, or someon","If James did not celebrate with friends and family, then did the house feel homey and cozy?",N/A,AXIOMATIZES_CONTRADICTION,"The Lean code axiomatizes that all propositions except P are False, which contradicts the premises that imply some propositions should be True.","def M : Prop := False
def B : Prop := False
def S : Prop := False
def H : Prop := False"
fol,d5_Data,Yes,No,Yes → No,"If the bus is running on time, someone will get to work early. Also, if there is traffic, someone will be late for their meeting. Either the bus is on time, or there is traffic, or maybe both. If some","If Mary was not late for her meeting, did she start the day feeling satisfied?","lines 7-8, 10-11, 13-14, 16-17",INCORRECT_FORMALIZATION,"The premises are incorrectly formalized, leading to a model where the propositions are trivially false or true, which does not reflect the intended logical structure.","def B : Prop := False, def E : Person → Prop := fun _ => False, def L : Person → Prop | Person.mary => False | Person.john => True, def Br : Person → Prop := fun _ => False"
fol,d5_Data,Yes,No,Yes → No,"In the busy city, there is always something exciting happening. If the new action movie releases today, someone will go watch it in the theatre. Also, if the art gallery is open, someone will go see t","If James did not go to the art gallery, was he satisfied after watching the movie?",5-12,INCORRECT_FORMALIZATION,"The formalization of the premises incorrectly sets R to False and G to True, which contradicts the scenario where either the movie releases or the gallery is open.","def R : Prop := False
def G : Prop := True"
fol,d5_Data,Yes,No,Yes → No,"If the crops get enough sunlight, they will grow strong. If it is windy, trees might fall over. Either the plants got good sunlight, or no trees fell. If the crops grow strong, the harvest will be ple","If it was very windy this season, did the farmer make a good profit from the harvest?",lines 5-6,INCORRECT_FORMALIZATION,"The formalization incorrectly assumes that the absence of tree falling (¬F) implies the crops did not get good sunlight (¬S), which is not supported by the premises.",(S ∨ ¬F)
fol,d5_Data,Yes,No,Yes → No,"Someone wanted to learn to play the guitar. They realized that if they practiced the basic chords every day, they would develop the muscle memory in their fingers. And if they developed this muscle me","If Amy cannot play any songs yet, does she have knowledge about song structure?",lines 41-49,REASONING_FAILURE,"The code correctly derives Q from the premises but fails to connect Q to K, which is necessary to conclude whether Amy has knowledge about song structure.",N/A
fol,d5_Data,Yes,No,Yes → No,"If someone studies hard for an exam, they will feel confident going into the test. If there is severe weather in the forecast, schools may cancel class that day. Either Alex studied diligently for his","If there was severe weather in the forecast, did Alex feel satisfied with his performance on the his",line 10-14,AXIOMATIZES_CONCLUSION,"The predicates for StudyHard, Confident, DoWell, and Satisfied are all set to False, directly leading to the conclusion that Satisfied Alex History is False.",def Satisfied (_ : Person) (_ : Exam) : Prop := False
nm,d5_Data,Yes,No,Yes → No,"Students and Teachers are individuals in a school. Typically, individuals in a school are educated. If a Student is in class, then they study. If a Teacher is in the staff room, then they grade papers",Can we conclude if a Principal does not grade papers then a Student studies?,3-8,INCORRECT_FORMALIZATION,"The premises are incorrectly formalized, particularly the propositions for C, S, R, G_T, G_P, and E_L, which are set to False or True without proper justification from the premises.",def C   : Prop := False
nm,d5_Data,No,Yes,No → Yes,"In a bakery, cakes and cookies are baked with care. Normally, baked goods prepared with care are delicious. If a dessert has chocolate frosting, and it is rich in flavor, customers enjoy it. If a past",Can we conclude if the chocolate cake is not enjoyed by customers then the cookie is not delicious?,N/A,REASONING_FAILURE,The Lean code correctly formalizes the premises but incorrectly concludes that the negation of the conclusion follows from them.,N/A
nm,d5_Data,Yes,No,Yes → No,"Apples and Bananas are fruits that are sweet. Usually, sweet fruits are ripe. If an Apple is red, then it is ripe enough to eat. If a Banana is yellow, then it is rich in potassium. Either an Apple is",Can we conclude if a Pear is not yellow then a Banana is rich in potassium?,lines 15-19,INCORRECT_FORMALIZATION,"The formalization of the predicates Ripe, Yellow, and RichK for Banana and Pear does not align with the premises, leading to incorrect conclusions.",def Ripe : Obj → Prop | Pear => False | _ => False
nm,d5_Data,Yes,No,Yes → No,"In a bakery, cakes and cookies are baked with care. Normally, baked goods prepared with care are delicious. If a dessert has chocolate frosting, and it is rich in flavor, customers enjoy it. If a past",Can we conclude if the chocolate cake is not enjoyed by customers then the cookie is delicious?,line 14-22,INCORRECT_FORMALIZATION,"The countermodel incorrectly assumes that both Ec and Dk can be False, which contradicts the premise Dk → Ec.",theorem countermodel_exists
nm,d5_Data,Yes,No,Yes → No,"In an office, managers and employees have leadership skills. Normally, individuals with leadership skills can handle team dynamics effectively. If a team leader communicates clearly and sets goals, th",Can we conclude if Sarah does not achieve success in the team then Alex has leadership skills?,lines 64-66,AXIOMATIZES_CONTRADICTION,"The model incorrectly assumes that both Alex and Sarah do not have leadership skills, which contradicts the premise that individuals with leadership skills can handle team dynamics effectively.",def Leadership : Person' → Prop | Alex' => False | Sarah' => False
nm,d5_Data,Yes,No,Yes → No,"Alex and Sarah are athletes who train regularly. Typically, athletes who train regularly have good endurance. If a runner participates in marathons, and they have strong legs, they can complete long d",Can we conclude if Sarah does not excel in competitions then Alex has good endurance?,5-8,INCORRECT_FORMALIZATION,"The formalization incorrectly sets GA, LS, and ES to False, which contradicts the premises that suggest these should be True under certain conditions.",def GA : Prop := False
nm,d5_Data,Yes,No,Yes → No,"Dogs and Cats are animals with fur. Typically, animals with fur also have tails. If a Dog can bark, then it is a mammal. If a Cat can purr, then it is a carnivore. Either a Dog can bark or a Cat is a ",Can we conclude if a Tiger does not purr then a Dog has a tail?,13-14,INCORRECT_FORMALIZATION,"The Tail and Barks predicates are incorrectly set to always return False, which contradicts the typical properties of animals with fur having tails and the premise that a Dog can bark.",def Tail : Animal → Prop := fun _ => False
nm,d5_Data,Yes,No,Yes → No,"Coffee and Tea are beverages served in a cafe. Usually, beverages served in a cafe are hot. If Coffee is brewed, then it is aromatic. If Tea is steeped, then it can be sweetened. Either Coffee is brew",Can we conclude if Hot Chocolate is not aromatic then Tea can be sweetened?,N/A,INCORRECT_FORMALIZATION,"The formalization incorrectly assumes that the conclusion (¬ A_HC → S_T) is universally false, which is not supported by the premises.","¬ (∀ (Bc A_C St S_T S_HC Hot_E A_HC : Prop), (Bc → A_C) → (St → S_T) → (Bc ∨ S_T) → (S_HC → St) → (Hot_E → Bc) → (¬ A_HC → S_T))"
nm,d5_Data,Yes,No,Yes → No,"Tom and Jerry are students who are diligent. Typically, diligent students also excel academically. If a student studies computer science, and they are skilled in coding, they can develop software. If ",Can we conclude if Mary does not excel in laboratory work then Jerry excels academically?,N/A,AXIOMATIZES_CONCLUSION,"The model directly assumes that ExcelAcad Jerry is false, which is equivalent to assuming the negation of the conclusion.",def ExcelAcad : Student → Prop := fun _ => False
nm,d5_Data,Yes,No,Yes → No,"Books and Pens are items in a bookstore. Normally, items in a bookstore are available for purchase. If a Book is a bestseller, then it is displayed prominently. If a Pen is a fountain pen, then it has",Can we conclude if a Notebook is not a fountain pen then a Book is a bestseller?,lines 20-21,INCORRECT_FORMALIZATION,"The formalization of the Bestseller and Displayed predicates is incorrect as they are set to always return False, contradicting the premises.",def Bestseller : Obj → Prop | _ => False
nm,d5_Data,No,Yes,No → Yes,"In a zoo, lions and tigers are carnivores. Normally, carnivores in the zoo are fed raw meat. If an animal has a mane and roars loudly, visitors find it majestic. If a big cat has stripes and hunts at ",Can we conclude if the lion is not majestic then the tiger is not fed raw meat?,5-6,INCORRECT_FORMALIZATION,"The formalization incorrectly assumes that if the tiger is fed raw meat, then the lion is majestic, which is not supported by the premises.",axiom premise : R_T → M_L
nm,d5_Data,Yes,No,Yes → No,"In a zoo, lions and tigers are carnivores. Normally, carnivores in the zoo are fed raw meat. If an animal has a mane and roars loudly, visitors find it majestic. If a big cat has stripes and hunts at ",Can we conclude if the lion is not majestic then the tiger is fed raw meat?,N/A,INCORRECT_FORMALIZATION,"The Lean code incorrectly formalizes the logical implications and negations, leading to a failure in deriving the correct conclusion.",N/A
pl,d5_Data,Yes,No,Yes → No,"James was preparing for an important cycling race. He decided to train hard so he could increase his biking speed. James knew if he cycled faster, he would be able to finish the race quickly. In addit","If James does not finish the race quickly, then does he win the race?",N/A,INCORRECT_FORMALIZATION,"The formalization does not correctly capture the logical structure of the premises, leading to an incorrect model prediction.",N/A
pl,d5_Data,Yes,No,Yes → No,"Lucy likes waking up early so she can exercise in the morning. Lucy also had a doctor's check-up scheduled today. She knows that if she has a doctor's appointment, she will need to skip her morning wo","If Lucy had a doctor's appointment, then did she go for a walk?",N/A,INCORRECT_FORMALIZATION,"The formalization incorrectly assumes that the premises do not entail the conclusion, but the premises logically lead to the conclusion that Lucy goes for a walk if she had a doctor's appointment.",N/A
pl,d5_Data,Yes,No,Yes → No,"The basketball team wanted to start winning more games. The players realized that if they practiced team plays regularly, their execution would improve. And if their play execution improved, they coul","If the team does not win more games, then does their performance improve?",N/A,AXIOMATIZES_CONTRADICTION,"The countermodel chosen contradicts the premises, specifically the assumption that performance does not improve despite trying new techniques.","let N : Prop := False, let P : Prop := False"
pl,d5_Data,Yes,No,Yes → No,"The chef at a popular restaurant decided that if he added more salt to the soup, it would enhance the flavor. However, he soon realized that if the soup tasted too salty, customers would send it back ","If customers do not send the soup back to the kitchen, then does the restaurant menu have eclectic o",N/A,INCORRECT_FORMALIZATION,"The formalization incorrectly assumes that the conclusion ¬B → M does not follow from the premises, but the premises logically entail that if the soup is not sent back (¬B), the menu has eclectic offerings (M).",N/A
pl,d5_Data,Yes,No,Yes → No,Dan wanted to get in better shape. He decided to start a new workout routine to become more active. Dan knew being active regularly would help him gain strength and energy. Whether Dan started a worko,"If Dan does not gain strength and energy, then does he achieve his fitness goals?",N/A,AXIOMATIZES_CONTRADICTION,"The Lean code constructs a countermodel by assuming all propositions are false, which contradicts the premises that imply some propositions should be true.","refine ⟨False, False, False, False, False, False, False, ?_⟩"
pl,d5_Data,Yes,No,Yes → No,"Jim makes sure to water his vegetable garden every day. He knows if he does this, he'll have a huge harvest this season. If Susan takes a day off, she goes hiking in the mountains to unwind. Either Ji","If Susan took the day off work, then did the neighborhood have a community potluck?","line 8, line 9, line 10, line 11",INCORRECT_FORMALIZATION,"The formalization of the premises incorrectly assigns truth values to propositions that should be derived, not assumed.","def B : Prop := True, def C : Prop := True, def S : Prop := False, def P : Prop := False"
