case_idx,example_id,story_id,ground_truth,prediction,pattern,num_iterations,premises,conclusion,root_cause_category,error_description,problematic_axiom,is_gaming,is_faithful,is_dataset_issue
100,1368,472,False,Uncertain,Uncertain → False,1,"Animals are either invertebrates or vertebrates.
All animals with backbones reproduce by male-and-female mating. 
All vertebrate animals have a backbone.
All bees do not reproduce by male-and-female mating.
All queen bees are bees.
Harry is a bee.","If Harry is either both a vertebrate and an animal with a backbone, or neither a vertebrate nor an animal with a backbone, then Harry is neither an invertebrate nor a queen bee.",GOAL_MISMATCH,The theorem statement does not match the conclusion provided in the problem.,theorem statement,False,False,False
102,1012,379,False,Uncertain,Uncertain → False,1,"People who are born in a multiple birth with siblings spend a lot of time hanging out with and playing with their siblings.
If people have siblings who were born together, then they were born in a multiple birth.
If people complain often about annoying siblings, then they have siblings who were born",Luke complains often about annoying siblings.,FAITHFUL,"The formalization accurately represents the premises, and the model's prediction of 'Uncertain' is correct given the information.",N/A,False,True,False
36,621,219,True,Uncertain,Uncertain → True,1,"Symphony No. 9 is a music piece.
Composers write music pieces.
Beethoven wrote Symphony No. 9.
Vienna Music Society premiered Symphony No. 9.
Vienna Music Society is an orchestra.
Beethoven leads the Vienna Music Society.
Orchestras are led by conductors.",Beethoven is a composer.,AXIOM_FABRICATION,"The axiom R2 introduces the concept of conductors leading orchestras, which is not explicitly stated in the premises.",R2,False,False,False
29,1303,452,False,Uncertain,Uncertain → False,3,"All aliens are extraterrestrials.
If someone is from Mars, then they are an alien.
No extraterrestrials are human.
All highly intelligent beings from Earth are humans.
Marvin is a highly intelligent being.
Marvin is either from Earth and from Mars, or he is from neither.
If Marvin is not from Earth,","If Marvin is not from Mars, then Marvin is a human.",AXIOM_FABRICATION,The Lean code does not contain any axiom that is not mentioned in the premises. All axioms are faithful to the premises provided.,N/A,False,False,False
40,928,350,True,Uncertain,Uncertain → True,1,"All of Zaha Hadid's design styles that Max adores have interesting geometries.
No brutalist buildings that Max adores have interesting geometries.
Every style that Max adores is either Zaha Hadid's design style or Kelly Wearstler's design style. 
All of Kelly Wearstler's design styles that Max adore",A design by Max is evocative and dreamy.,GOAL_MISMATCH,The theorem statement does not match the conclusion about a design by Max being evocative and dreamy.,Theorem statement,False,False,False
41,929,350,False,Uncertain,Uncertain → False,1,"All of Zaha Hadid's design styles that Max adores have interesting geometries.
No brutalist buildings that Max adores have interesting geometries.
Every style that Max adores is either Zaha Hadid's design style or Kelly Wearstler's design style. 
All of Kelly Wearstler's design styles that Max adore",A design by Max is either evocative or dreamy.,AXIOM_FABRICATION,"The Lean code introduces axioms that are not present in the premises, such as the axiom about designs by Max being evocative.",adored_design_by_max_evocative,False,False,False
114,527,183,False,Uncertain,Uncertain → False,1,"If a man is taller than another man, the taller one can block the other's shooting.
Michael is a man who is taller than everyone else in his class.
If person x is taller than person y, and person y is taller than person z, then x is taller than z
Peter is a man who is taller than Michael.
Michael ca",Peter is shorter than a man in Michael's class.,GOAL_MISMATCH,The theorem statement does not match the conclusion provided in the problem statement.,Theorem statement,False,False,False
46,456,159,True,Uncertain,Uncertain → True,1,"There are four seasons in a year: Spring, Summer, Fall, and Winter.
All students who want to have a long vacation have summer as their favorite season.
Emma's favorite season is summer.
Mia's favorite season is not the same as Emma's. 
James wants to have a long vacation.",James's favorite season is summer.,AXIOM_FABRICATION,"The axiom 'Student : Person → Prop' introduces the concept of a student, which is not explicitly mentioned in the premises.",axiom Student : Person → Prop,False,False,False
118,440,151,True,Uncertain,Uncertain → True,1,"Barutin Cove is a cove named after the Bulgarian settlement of Barutin.
Barutin Cove is on the southwest coast of Snow Island.
Snow Island, Greenwich Island, and Deception Island are located in the South Shetland Islands.
Antarctica is located on the South Shetland Islands. 
If place A is located in",There is at least one cove in Antarctica named after a place in Bulgaria.,AXIOM_FABRICATION,"The axiom T8 states that Barutin is located in Bulgaria, which is not mentioned in the premises.",T8,False,False,False
119,441,151,False,Uncertain,Uncertain → False,1,"Barutin Cove is a cove named after the Bulgarian settlement of Barutin.
Barutin Cove is on the southwest coast of Snow Island.
Snow Island, Greenwich Island, and Deception Island are located in the South Shetland Islands.
Antarctica is located on the South Shetland Islands. 
If place A is located in",Barutin Cove is not located in Antarctica.,REASONING_ERROR,"The conclusion contradicts the derived result from the premises, indicating a reasoning error.",Conclusion,False,True,False
122,787,315,False,Uncertain,Uncertain → False,1,"If something can transport multiple passengers, then they are not one-seaters.
All Tesla Model 3 can transport multiple passengers.
All single-seat electric cars are one-seaters.
All Solo EV cars are single-seat electric cars. 
If John's car is not a Tesla Model 3, then John's car is not a Tesla Mod",John's car is a Solo EV.,FAITHFUL,"The formalization correctly represents the premises, and the model's prediction of 'Uncertain' is appropriate given the information.",N/A,False,True,False
123,788,315,True,Uncertain,Uncertain → True,1,"If something can transport multiple passengers, then they are not one-seaters.
All Tesla Model 3 can transport multiple passengers.
All single-seat electric cars are one-seaters.
All Solo EV cars are single-seat electric cars. 
If John's car is not a Tesla Model 3, then John's car is not a Tesla Mod",John's car is not a Solo EV.,FAITHFUL,"The formalization is faithful, and the model's prediction of 'Uncertain' is correct.",N/A,False,True,False
127,846,330,False,Uncertain,Uncertain → False,1,"All people who make wedding plans are people who are engaged.
All people who invite others to come to their ceremony make wedding plans.
Anyone who has a well-attended wedding invites others to come to their ceremony.
Some people that have well-attended weddings have larger families.
If John is enga",John has a larger family.,FAITHFUL,"The Lean 4 formalization correctly represents the premises, and the conclusion cannot be derived, making the prediction of 'Uncertain' correct.",N/A,False,True,False
128,847,330,True,Uncertain,Uncertain → True,1,"All people who make wedding plans are people who are engaged.
All people who invite others to come to their ceremony make wedding plans.
Anyone who has a well-attended wedding invites others to come to their ceremony.
Some people that have well-attended weddings have larger families.
If John is enga",John does not have a larger family.,FAITHFUL,The model's prediction of 'Uncertain' is correct as the conclusion cannot be derived from the given premises.,N/A,False,True,False
202,308,101,Uncertain,True,True → Uncertain,1,"Ailton Silva, born in 1995, is commonly known as Ailton.
Ailton is a football player who was loaned out to Braga.
Ailton Silva is a Brazilian footballer who plays for Náutico.
Náutico is a football club along with Braga.
Fluminense is a football club.",Ailton Silva was loaned out to a football club.,FAITHFUL,"The formalization correctly represents the premises, and the conclusion is correctly derived.",N/A,False,True,False
130,849,330,True,Uncertain,Uncertain → True,1,"All people who make wedding plans are people who are engaged.
All people who invite others to come to their ceremony make wedding plans.
Anyone who has a well-attended wedding invites others to come to their ceremony.
Some people that have well-attended weddings have larger families.
If John is enga",John neither has a larger family nor does he invite others to his wedding.,FAITHFUL,The model correctly identified that the conclusion is undetermined from the premises.,N/A,False,True,False
196,1325,459,False,Uncertain,Uncertain → False,2,"Jane does not like any animals that bark.
All dogs are animals that bark.
Jane likes all animals that jump.
If an animal has legs, then it jumps.
If an animal is terricolous, then it has legs. 
KiKi is an animal.
If KiKi neither jumps nor has legs, then KiKi is terricolous or has legs.",KiKi is a barking dog.,FAITHFUL,"The formalization accurately represents the premises, and the conclusion cannot be proven or disproven from the given axioms.",N/A,False,True,False
70,819,322,Uncertain,True,True → Uncertain,1,"All growth stocks are bought to earn profits from rapid price appreciation.
If the stock price is bought to earn profits from rapid price appreciation, then it is not suitable for a retirement fund.
Some stocks are growth stocks.
All mature stocks are suitable for a retirement fund.
KO is a mature s",KO is a stock.,AXIOM_FABRICATION,"Axiom A5_stock claims KO is a stock, but premises only say 'mature stock'",A5_stock,True,False,False
141,1329,460,True,Uncertain,Uncertain → True,1,"If a film is appropriate for people of all ages, then children can watch it without guidance from parents.
If a film contains excessive erotic and violent content, children cannot watch it without guidance from their parents.
If a film is rated General Audience, then it is appropriate for people of ","""Hachi: A dog's Tale"" either contains excessive erotic and violent content and is a film in the ""Frozen"" series, or it neither contains excessive erotic and violent content nor is a film in the ""Frozen"" series.",AXIOM_FABRICATION,The axiom for 'Hachi: A dog's Tale' being a film in the 'Frozen' series is not supported by the premises.,Axiom for 'Frozen' series,False,False,False
75,979,368,Uncertain,True,True → Uncertain,1,"If people at Mary's school work in student jobs on campus, then they need to earn money to help pay for their college tuition.
If people at Mary's school order takeout frequently in college, then they work in student jobs on campus.
People at Mary's school order takeout frequently in college or enjo",Hannah needs to earn money to help pay for her college tuition.,DATASET_BUG,The premises contain a logical contradiction regarding Hannah's need for money.,Premises about Hannah's need for money,False,False,True
77,981,368,False,True,True → False,1,"If people at Mary's school work in student jobs on campus, then they need to earn money to help pay for their college tuition.
If people at Mary's school order takeout frequently in college, then they work in student jobs on campus.
People at Mary's school order takeout frequently in college or enjo","Hannah is at Mary's school and she either is not a picky eater or, if she is, then she spends a lot of her time eating and catching up with friends in the campus dining halls.",AXIOM_FABRICATION,"The axiom H_need_imp introduces a condition about Hannah that is not present in the premises. Specifically, it states that if Hannah needs to earn money, then she is neither picky nor needs to earn money, which is not mentioned in the premises.",H_need_imp,True,False,False
5,1210,426,True,Uncertain,Uncertain → True,1,"All employees who schedule a meeting with their customers will go to the company building today. 
Everyone who has lunch in the company building schedules meetings with their customers. 
Employees have lunch either in the company building or at home.
If an employee has lunch at home, they are workin","If James is either a manager or in other countries,  then James does not either has lunch at home or work remotely from home. If James either has lunch at home or works remotely from home, then he is neither a manager nor does he work in other countries. [contrapositive is more natural]",AXIOM_FABRICATION,"The axioms include predicates and assumptions not explicitly mentioned in the premises, such as the specific conditions under which James appears in the company.",A7,False,False,False
83,754,306,False,True,True → False,1,"If a restaurant is listed in Yelp’s recommendations, then the restaurant has not received many negative reviews.
All restaurants with a rating greater than four are listed in Yelp’s recommendations.
Some restaurants that do not provide take-out service receive many negative reviews.
All restaurants ","If the Hamden Plaza Subway store provides take-out service and receives many negative reviews, then its rating is greater than 4 and it does not provide take-out service.",VACUOUS_TRUTH,"The proof derives a contradiction from the faithful representation of the premises, leading to a vacuous truth.",Theorem statement,False,False,False
159,1247,435,Uncertain,True,True → Uncertain,1,"None of the students who currently work in the library are from the computer science department. 
All of the students with part-time jobs offered by the university currently work in the library. 
All of the students who are taking the database course are from the computer science department. 
All of",James takes the database course.,DATASET_BUG,The premises contain a logical contradiction: James both works and does not work in the lab.,Premises 6 and 7,False,False,True
92,476,166,False,Uncertain,Uncertain → False,2,"Pets are allowed in some managed buildings.
A deposit is required to rent an apartment in a managed building.
The security deposit can be either equal to the monthly rent at a managed building or more.
Fluffy is Tom's cat.
Cats are pets.
The Olive Garden is a managed building.
The monthly rent at th",Tom will rent an apartment in The Olive Garden.,AXIOM_FABRICATION,"The axiom 'deposit_required' states that a deposit is required to rent an apartment in a managed building, but this is not explicitly mentioned in the premises.",deposit_required,False,False,False
99,1367,472,True,Uncertain,Uncertain → True,1,"Animals are either invertebrates or vertebrates.
All animals with backbones reproduce by male-and-female mating. 
All vertebrate animals have a backbone.
All bees do not reproduce by male-and-female mating.
All queen bees are bees.
Harry is a bee.",Harry is an invertebrate or a queen bee.,MISSING_PREMISE,"The premise that bees are animals is missing, preventing the application of axioms about animals to Harry.",Missing premise that bees are animals,False,False,False
89,173,58,Uncertain,True,True → Uncertain,1,"Books contain tons of knowledge.
When a person reads a book, that person gains knowledge. 
If a person gains knowledge, they become smarter.
Harry read the book “Walden” by Henry Thoreau.",A smarter person has gained knowledge.,AXIOM_FABRICATION,"The axiom K1 states that all books contain knowledge, which is not explicitly mentioned in the premises. The premises only state that books contain tons of knowledge, not all books.",K1,False,False,False
